id;Class_label
0;0
1;1
2;2
3;0
4;0
5;0
6;0
7;0
8;2
9;1
10;0
11;2
12;0
13;0
14;1
15;2
16;1
17;2
18;1
19;0
20;1
21;1
22;1
23;1
24;0
25;0
26;2
27;1
28;1
29;1
30;1
31;1
32;0
33;0
34;1
35;1
36;1
37;0
38;1
39;1
40;2
41;2
42;1
43;1
44;1
45;2
46;1
47;1
48;2
49;1
50;0
51;1
52;2
53;1
54;0
55;0
56;1
57;0
58;0
59;0
60;0
61;1
62;2
63;2
64;1
65;1
66;1
67;1
68;0
69;0
70;0
71;1
72;0
73;1
74;1
75;0
76;0
77;0
78;2
79;0
80;2
81;0
82;0
83;1
84;0
85;0
86;2
87;0
88;1
89;1
90;0
91;0
92;2
93;2
94;1
95;1
96;1
97;1
98;2
99;0
100;0
101;2
102;2
103;0
104;1
105;1
106;0
107;1
108;0
109;0
110;0
111;0
112;1
113;0
114;0
115;0
116;0
117;1
118;1
119;2
120;1
121;1
122;0
123;2
124;1
125;2
126;2
127;1
128;2
129;0
130;1
131;1
132;0
133;2
134;2
135;0
136;0
137;0
138;0
139;2
140;2
141;1
142;2
143;2
144;2
145;2
146;1
147;0
148;2
149;0
150;2
151;2
152;1
153;0
154;0
155;2
156;1
157;0
158;2
159;2
160;0
161;0
162;2
163;2
164;2
165;0
166;0
167;0
168;2
169;0
170;1
171;0
172;2
173;1
174;0
175;1
176;0
177;1
178;2
179;1
180;2
181;1
182;0
183;2
184;0
185;0
186;1
187;1
188;0
189;2
190;0
191;0
192;0
193;0
194;0
195;0
196;1
197;1
198;0
199;1
200;2
201;2
202;2
203;1
204;0
205;2
206;0
207;2
208;1
209;1
210;1
211;2
212;0
213;0
214;0
215;0
216;2
217;2
218;0
219;1
220;0
221;2
222;1
223;0
224;2
225;1
226;2
227;0
228;0
229;2
230;0
231;2
232;0
233;0
234;1
235;1
236;0
237;2
238;1
239;1
240;0
241;0
242;2
243;2
244;1
245;0
246;0
247;0
248;0
249;1
250;1
251;2
252;0
253;0
254;1
255;2
256;0
257;1
258;1
259;0
260;2
261;1
262;0
263;0
264;1
265;0
266;1
267;0
268;0
269;0
270;1
271;2
272;2
273;2
274;0
275;1
276;2
277;2
278;1
279;1
280;1
281;2
282;1
283;2
284;0
285;1
286;0
287;1
288;0
289;0
290;2
291;0
292;0
293;0
294;1
295;0
296;0
297;2
298;0
299;0
300;0
301;0
302;1
303;1
304;0
305;1
306;2
307;2
308;1
309;0
310;1
311;1
312;0
313;0
314;1
315;1
316;1
317;1
318;2
319;2
320;2
321;2
322;1
323;2
324;1
325;0
326;2
327;2
328;1
329;2
330;2
331;2
332;2
333;1
334;2
335;0
336;2
337;1
338;0
339;1
340;0
341;1
342;0
343;2
344;1
345;1
346;2
347;1
348;1
349;0
350;0
351;2
352;1
353;1
354;1
355;2
356;1
357;1
358;2
359;2
360;2
361;1
362;2
363;1
364;1
365;2
366;1
367;1
368;1
369;1
370;2
371;0
372;1
373;2
374;2
375;1
376;1
377;1
378;1
379;0
380;1
381;0
382;1
383;2
384;1
385;1
386;0
387;1
388;1
389;0
390;1
391;1
392;1
393;2
394;1
395;2
396;0
397;2
398;2
399;1
400;2
401;1
402;1
403;0
404;2
405;2
406;0
407;2
408;0
409;1
410;2
411;0
412;0
413;0
414;2
415;1
416;2
417;1
418;2
419;0
420;2
421;1
422;0
423;1
424;1
425;1
426;1
427;2
428;2
429;2
430;0
431;2
432;2
433;0
434;0
435;0
436;1
437;1
438;2
439;2
440;2
441;0
442;1
443;0
444;1
445;2
446;1
447;2
448;1
449;0
450;2
451;0
452;2
453;1
454;2
455;1
456;0
457;2
458;1
459;2
460;1
461;2
462;0
463;2
464;1
465;1
466;0
467;1
468;2
469;0
470;1
471;1
472;1
473;1
474;1
475;1
476;1
477;2
478;2
479;2
480;1
481;2
482;2
483;1
484;1
485;1
486;1
487;2
488;2
489;0
490;1
491;2
492;1
493;0
494;0
495;0
496;0
497;1
498;1
499;2
500;1
501;1
502;2
503;0
504;2
505;0
506;1
507;1
508;2
509;2
510;2
511;0
512;1
513;1
514;0
515;2
516;2
517;2
518;1
519;1
520;1
521;0
522;0
523;2
524;2
525;2
526;1
527;2
528;2
529;2
530;1
531;1
532;2
533;1
534;2
535;1
536;2
537;0
538;0
539;1
540;2
541;0
542;2
543;2
544;2
545;1
546;2
547;0
548;0
549;1
550;1
551;1
552;0
553;2
554;1
555;1
556;1
557;1
558;0
559;0
560;1
561;1
562;1
563;0
564;1
565;0
566;0
567;1
568;0
569;0
570;0
571;1
572;2
573;2
574;0
575;2
576;1
577;1
578;0
579;1
580;2
581;0
582;2
583;2
584;1
585;1
586;2
587;1
588;1
589;0
590;2
591;0
592;1
593;2
594;1
595;2
596;0
597;1
598;2
599;0
600;0
601;2
602;0
603;2
604;0
605;1
606;0
607;2
608;2
609;0
610;1
611;0
612;1
613;1
614;1
615;2
616;2
617;0
618;1
619;1
620;1
621;1
622;0
623;0
624;0
625;0
626;0
627;0
628;2
629;1
630;2
631;0
632;0
633;0
634;2
635;0
636;1
637;2
638;2
639;2
640;1
641;0
642;2
643;0
644;0
645;2
646;2
647;2
648;2
649;0
650;2
651;2
652;1
653;0
654;2
655;2
656;0
657;0
658;0
659;2
660;1
661;2
662;1
663;0
664;1
665;2
666;0
667;0
668;1
669;2
670;0
671;0
672;2
673;2
674;1
675;0
676;2
677;1
678;0
679;1
680;0
681;1
682;0
683;2
684;0
685;1
686;0
687;2
688;1
689;2
690;0
691;0
692;0
693;0
694;1
695;1
696;0
697;1
698;0
699;1
700;1
701;1
702;2
703;2
704;2
705;1
706;1
707;1
708;0
709;0
710;2
711;1
712;0
713;2
714;2
715;2
716;0
717;0
718;0
719;0
720;2
721;0
722;2
723;0
724;2
725;2
726;0
727;1
728;2
729;1
730;1
731;0
732;0
733;2
734;1
735;0
736;1
737;2
738;2
739;2
740;0
741;1
742;2
743;1
744;2
745;0
746;2
747;1
748;0
749;2
750;0
751;2
752;0
753;0
754;2
755;0
756;0
757;2
758;0
759;0
760;0
761;0
762;0
763;2
764;1
765;0
766;2
767;0
768;1
769;1
770;0
771;2
772;1
773;1
774;2
775;2
776;1
777;1
778;2
779;0
780;0
781;1
782;1
783;1
784;0
785;2
786;0
787;2
788;1
789;0
790;2
791;2
792;0
793;1
794;1
795;0
796;0
797;1
798;0
799;0
800;1
801;2
802;1
803;0
804;0
805;2
806;1
807;0
808;0
809;0
810;2
811;1
812;0
813;1
814;1
815;0
816;1
817;0
818;1
819;1
820;0
821;0
822;1
823;0
824;2
825;0
826;2
827;1
828;0
829;1
830;1
831;1
832;0
833;1
834;2
835;1
836;1
837;2
838;2
839;0
840;1
841;1
842;1
843;1
844;1
845;1
846;0
847;2
848;2
849;2
850;0
851;1
852;0
853;2
854;2
855;0
856;0
857;2
858;0
859;2
860;0
861;0
862;1
863;1
864;2
865;0
866;2
867;1
868;1
869;0
870;2
871;0
872;0
873;1
874;1
875;2
876;0
877;2
878;1
879;1
880;2
881;1
882;0
883;0
884;1
885;0
886;2
887;1
888;0
889;0
890;0
891;2
892;0
893;2
894;0
895;0
896;1
897;1
898;0
899;1
900;0
901;0
902;1
903;2
904;2
905;0
906;2
907;0
908;0
909;1
910;1
911;1
912;2
913;0
914;2
915;1
916;0
917;2
918;0
919;2
920;1
921;1
922;1
923;0
924;1
925;0
926;2
927;1
928;0
929;2
930;2
931;2
932;1
933;2
934;2
935;0
936;0
937;2
938;1
939;1
940;2
941;1
942;1
943;0
944;2
945;2
946;2
947;1
948;0
949;1
950;2
951;1
952;1
953;1
954;0
955;0
956;0
957;2
958;1
959;2
960;2
961;1
962;0
963;0
964;1
965;1
966;1
967;2
968;1
969;0
970;1
971;2
972;0
973;2
974;2
975;1
976;0
977;1
978;2
979;1
980;1
981;0
982;0
983;0
984;1
985;1
986;0
987;0
988;1
989;1
990;0
991;0
992;2
993;1
994;0
995;1
996;0
997;2
998;0
999;0
1000;0
1001;2
1002;2
1003;0
1004;1
1005;1
1006;2
1007;1
1008;2
1009;0
1010;0
1011;0
1012;1
1013;1
1014;1
1015;0
1016;1
1017;2
1018;0
1019;2
1020;1
1021;2
1022;0
1023;0
1024;1
1025;1
1026;1
1027;1
1028;0
1029;1
1030;0
1031;1
1032;2
1033;0
1034;1
1035;2
1036;2
1037;0
1038;1
1039;1
1040;2
1041;2
1042;0
1043;1
1044;0
1045;0
1046;1
1047;2
1048;2
1049;1
1050;2
1051;2
1052;0
1053;0
1054;2
1055;0
1056;0
1057;2
1058;2
1059;1
1060;1
1061;1
1062;0
1063;2
1064;0
1065;2
1066;1
1067;1
1068;1
1069;0
1070;1
1071;0
1072;2
1073;1
1074;2
1075;1
1076;2
1077;1
1078;1
1079;0
1080;0
1081;1
1082;2
1083;0
1084;1
1085;2
1086;0
1087;2
1088;0
1089;0
1090;0
1091;0
1092;2
1093;0
1094;2
1095;0
1096;1
1097;2
1098;1
1099;0
1100;2
1101;1
1102;2
1103;2
1104;2
1105;1
1106;2
1107;2
1108;0
1109;0
1110;0
1111;1
1112;1
1113;2
1114;2
1115;1
1116;1
1117;0
1118;1
1119;0
1120;1
1121;1
1122;1
1123;0
1124;0
1125;1
1126;0
1127;1
1128;1
1129;0
1130;0
1131;1
1132;1
1133;1
1134;0
1135;0
1136;1
1137;2
1138;0
1139;2
1140;2
1141;1
1142;2
1143;0
1144;2
1145;2
1146;1
1147;2
1148;2
1149;2
1150;1
1151;0
1152;2
1153;2
1154;1
1155;1
1156;1
1157;1
1158;1
1159;1
1160;0
1161;2
1162;0
1163;2
1164;0
1165;2
1166;2
1167;1
1168;2
1169;2
1170;2
1171;0
1172;2
1173;2
1174;2
1175;0
1176;0
1177;0
1178;2
1179;0
1180;0
1181;1
1182;2
1183;1
1184;1
1185;2
1186;0
1187;1
1188;1
1189;1
1190;2
1191;2
1192;2
1193;2
1194;2
1195;2
1196;2
1197;0
1198;2
1199;2
1200;2
1201;1
1202;1
1203;1
1204;0
1205;2
1206;1
1207;1
1208;2
1209;2
1210;0
1211;2
1212;2
1213;1
1214;1
1215;1
1216;1
1217;0
1218;2
1219;0
1220;2
1221;1
1222;0
1223;0
1224;0
1225;2
1226;0
1227;0
1228;0
1229;0
1230;1
1231;1
1232;1
1233;2
1234;1
1235;0
1236;2
1237;2
1238;0
1239;0
1240;2
1241;0
1242;2
1243;0
1244;2
1245;2
1246;2
1247;1
1248;0
1249;0
1250;2
1251;0
1252;0
1253;0
1254;1
1255;0
1256;1
1257;2
1258;0
1259;2
1260;1
1261;0
1262;1
1263;0
1264;1
1265;1
1266;1
1267;1
1268;0
1269;2
1270;0
1271;0
1272;1
1273;1
1274;2
1275;2
1276;1
1277;2
1278;0
1279;2
1280;1
1281;1
1282;2
1283;0
1284;0
1285;0
1286;0
1287;0
1288;0
1289;1
1290;2
1291;0
1292;0
1293;0
1294;0
1295;1
1296;1
1297;2
1298;0
1299;1
1300;1
1301;1
1302;1
1303;1
1304;0
1305;2
1306;2
1307;1
1308;1
1309;1
1310;0
1311;0
1312;1
1313;0
1314;1
1315;0
1316;0
1317;0
1318;0
1319;2
1320;0
1321;2
1322;0
1323;2
1324;2
1325;2
1326;0
1327;0
1328;2
1329;1
1330;0
1331;2
1332;0
1333;0
1334;2
1335;1
1336;0
1337;1
1338;1
1339;2
1340;0
1341;1
1342;2
1343;1
1344;2
1345;1
1346;2
1347;0
1348;1
1349;0
1350;2
1351;0
1352;1
1353;2
1354;2
1355;0
1356;2
1357;1
1358;0
1359;1
1360;1
1361;1
1362;1
1363;0
1364;1
1365;1
1366;1
1367;1
1368;1
1369;0
1370;1
1371;0
1372;2
1373;0
1374;2
1375;2
1376;2
1377;2
1378;0
1379;2
1380;1
1381;0
1382;0
1383;1
1384;2
1385;0
1386;0
1387;2
1388;2
1389;1
1390;1
1391;0
1392;0
1393;0
1394;1
1395;2
1396;0
1397;2
1398;0
1399;2
1400;2
1401;1
1402;2
1403;2
1404;1
1405;0
1406;0
1407;1
1408;2
1409;1
1410;0
1411;2
1412;0
1413;1
1414;2
1415;1
1416;2
1417;1
1418;1
1419;1
1420;1
1421;0
1422;1
1423;2
1424;0
1425;2
1426;0
1427;2
1428;1
1429;1
1430;0
1431;1
1432;2
1433;2
1434;1
1435;2
1436;1
1437;0
1438;2
1439;0
1440;1
1441;1
1442;2
1443;0
1444;2
1445;0
1446;2
1447;1
1448;1
1449;2
1450;1
1451;2
1452;2
1453;1
1454;0
1455;2
1456;2
1457;1
1458;2
1459;2
1460;1
1461;2
1462;0
1463;2
1464;0
1465;0
1466;1
1467;2
1468;2
1469;1
1470;0
1471;0
1472;2
1473;0
1474;1
1475;1
1476;2
1477;2
1478;1
1479;0
1480;1
1481;0
1482;2
1483;0
1484;0
1485;0
1486;1
1487;1
1488;0
1489;2
1490;1
1491;1
1492;0
1493;2
1494;0
1495;2
1496;1
1497;2
1498;0
1499;0
1500;2
1501;0
1502;2
1503;0
1504;2
1505;1
1506;2
1507;2
1508;0
1509;1
1510;1
1511;0
1512;2
1513;0
1514;2
1515;0
1516;2
1517;1
1518;0
1519;1
1520;1
1521;1
1522;1
1523;1
1524;1
1525;0
1526;1
1527;0
1528;1
1529;1
1530;2
1531;2
1532;2
1533;0
1534;0
1535;0
1536;1
1537;0
1538;2
1539;0
1540;0
1541;1
1542;1
1543;1
1544;1
1545;2
1546;1
1547;0
1548;1
1549;2
1550;1
1551;2
1552;2
1553;1
1554;2
1555;0
1556;2
1557;2
1558;1
1559;2
1560;0
1561;1
1562;2
1563;0
1564;0
1565;0
1566;0
1567;0
1568;1
1569;0
1570;1
1571;0
1572;1
1573;2
1574;2
1575;2
1576;2
1577;1
1578;1
1579;1
1580;2
1581;0
1582;2
1583;1
1584;2
1585;0
1586;2
1587;1
1588;2
1589;1
1590;1
1591;2
1592;2
1593;2
1594;1
1595;2
1596;0
1597;2
1598;1
1599;2
1600;0
1601;0
1602;1
1603;1
1604;1
1605;0
1606;2
1607;2
1608;0
1609;1
1610;2
1611;2
1612;0
1613;1
1614;0
1615;2
1616;0
1617;0
1618;0
1619;2
1620;1
1621;0
1622;0
1623;2
1624;0
1625;0
1626;1
1627;1
1628;0
1629;2
1630;1
1631;0
1632;2
1633;1
1634;0
1635;2
1636;2
1637;1
1638;2
1639;2
1640;2
1641;2
1642;0
1643;2
1644;1
1645;1
1646;1
1647;1
1648;0
1649;0
1650;1
1651;2
1652;0
1653;1
1654;0
1655;2
1656;2
1657;2
1658;2
1659;1
1660;1
1661;1
1662;2
1663;1
1664;1
1665;1
1666;1
1667;2
1668;2
1669;0
1670;2
1671;1
1672;1
1673;0
1674;2
1675;1
1676;2
1677;0
1678;0
1679;1
1680;2
1681;0
1682;0
1683;2
1684;1
1685;1
1686;2
1687;1
1688;1
1689;2
1690;0
1691;0
1692;0
1693;1
1694;1
1695;1
1696;2
1697;1
1698;2
1699;2
1700;0
1701;2
1702;0
1703;1
1704;0
1705;0
1706;2
1707;1
1708;1
1709;0
1710;2
1711;1
1712;0
1713;0
1714;0
1715;2
1716;2
1717;2
1718;1
1719;0
1720;0
1721;1
1722;2
1723;1
1724;2
1725;0
1726;2
1727;0
1728;0
1729;0
1730;1
1731;2
1732;1
1733;0
1734;0
1735;0
1736;1
1737;1
1738;0
1739;0
1740;1
1741;2
1742;0
1743;0
1744;1
1745;0
1746;0
1747;2
1748;2
1749;2
1750;1
1751;2
1752;1
1753;1
1754;2
1755;2
1756;0
1757;1
1758;1
1759;0
1760;1
1761;0
1762;2
1763;1
1764;0
1765;2
1766;2
1767;1
1768;1
1769;0
1770;0
1771;2
1772;1
1773;2
1774;1
1775;0
1776;2
1777;1
1778;2
1779;1
1780;2
1781;0
1782;0
1783;0
1784;1
1785;0
1786;1
1787;1
1788;1
1789;0
1790;0
1791;2
1792;0
1793;1
1794;2
1795;0
1796;2
1797;2
1798;2
1799;1
1800;1
1801;2
1802;0
1803;1
1804;2
1805;2
1806;0
1807;2
1808;2
1809;2
1810;1
1811;1
1812;0
1813;2
1814;2
1815;1
1816;1
1817;0
1818;1
1819;1
1820;1
1821;1
1822;2
1823;0
1824;0
1825;2
1826;1
1827;1
1828;1
1829;2
1830;1
1831;0
1832;0
1833;0
1834;0
1835;0
1836;2
1837;2
1838;1
1839;1
1840;1
1841;1
1842;1
1843;1
1844;2
1845;1
1846;0
1847;1
1848;2
1849;2
1850;1
1851;2
1852;2
1853;0
1854;1
1855;1
1856;2
1857;2
1858;1
1859;0
1860;1
1861;1
1862;2
1863;1
1864;0
1865;1
1866;0
1867;0
1868;2
1869;2
1870;1
1871;0
1872;1
1873;0
1874;2
1875;1
1876;2
1877;2
1878;1
1879;2
1880;1
1881;0
1882;1
1883;1
1884;2
1885;2
1886;2
1887;0
1888;1
1889;1
1890;2
1891;1
1892;2
1893;2
1894;2
1895;0
1896;2
1897;1
1898;0
1899;2
1900;1
1901;0
1902;1
1903;2
1904;2
1905;0
1906;0
1907;0
1908;0
1909;0
1910;1
1911;2
1912;1
1913;0
1914;1
1915;2
1916;1
1917;2
1918;1
1919;1
1920;1
1921;1
1922;1
1923;0
1924;0
1925;0
1926;1
1927;1
1928;2
1929;0
1930;1
1931;1
1932;1
1933;1
1934;0
1935;1
1936;0
1937;1
1938;0
1939;2
1940;1
1941;1
1942;1
1943;0
1944;2
1945;1
1946;1
1947;0
1948;1
1949;2
1950;2
1951;2
1952;1
1953;1
1954;1
1955;1
1956;2
1957;2
1958;1
1959;0
1960;0
1961;0
1962;2
1963;0
1964;0
1965;1
1966;1
1967;2
1968;0
1969;1
1970;2
1971;2
1972;0
1973;1
1974;0
1975;0
1976;2
1977;0
1978;1
1979;2
1980;0
1981;0
1982;2
1983;1
1984;1
1985;1
1986;2
1987;0
1988;1
1989;2
1990;0
1991;2
1992;2
1993;1
1994;1
1995;2
1996;1
1997;1
1998;2
1999;2
2000;1
2001;0
2002;2
2003;2
2004;1
2005;2
2006;0
2007;0
2008;2
2009;1
2010;2
2011;1
2012;0
2013;1
2014;0
2015;1
2016;1
2017;0
2018;2
2019;2
2020;1
2021;2
2022;2
2023;1
2024;2
2025;1
2026;2
2027;1
2028;1
2029;0
2030;0
2031;0
2032;0
2033;0
2034;2
2035;2
2036;0
2037;2
2038;2
2039;0
2040;2
2041;2
2042;0
2043;2
2044;1
2045;1
2046;0
2047;0
2048;2
2049;2
2050;0
2051;0
2052;0
2053;0
2054;1
2055;1
2056;2
2057;2
2058;0
2059;0
2060;0
2061;0
2062;0
2063;0
2064;0
2065;1
2066;2
2067;1
2068;2
2069;1
2070;2
2071;0
2072;1
2073;2
2074;0
2075;2
2076;0
2077;1
2078;1
2079;0
2080;1
2081;2
2082;2
2083;1
2084;1
2085;1
2086;2
2087;1
2088;1
2089;1
2090;1
2091;2
2092;2
2093;2
2094;0
2095;1
2096;2
2097;1
2098;2
2099;0
2100;2
2101;0
2102;1
2103;1
2104;1
2105;1
2106;0
2107;1
2108;0
2109;0
2110;2
2111;1
2112;0
2113;2
2114;0
2115;0
2116;1
2117;2
2118;1
2119;1
2120;1
2121;2
2122;2
2123;2
2124;2
2125;2
2126;1
2127;2
2128;2
2129;1
2130;1
2131;1
2132;0
2133;2
2134;2
2135;1
2136;0
2137;0
2138;2
2139;2
2140;2
2141;1
2142;2
2143;1
2144;0
2145;2
2146;2
2147;1
2148;1
2149;2
2150;2
2151;1
2152;0
2153;1
2154;0
2155;1
2156;0
2157;2
2158;0
2159;2
2160;0
2161;0
2162;2
2163;0
2164;1
2165;1
2166;0
2167;1
2168;2
2169;1
2170;0
2171;2
2172;0
2173;1
2174;1
2175;0
2176;2
2177;2
2178;0
2179;1
2180;1
2181;1
2182;2
2183;2
2184;2
2185;0
2186;2
2187;0
2188;2
2189;1
2190;0
2191;1
2192;1
2193;0
2194;2
2195;0
2196;2
2197;1
2198;1
2199;1
2200;1
2201;0
2202;2
2203;1
2204;2
2205;1
2206;2
2207;0
2208;0
2209;2
2210;1
2211;2
2212;0
2213;1
2214;0
2215;2
2216;2
2217;2
2218;0
2219;0
2220;0
2221;1
2222;1
2223;0
2224;1
2225;1
2226;0
2227;1
2228;1
2229;2
2230;0
2231;2
2232;1
2233;0
2234;0
2235;2
2236;0
2237;0
2238;0
2239;0
2240;0
2241;1
2242;0
2243;1
2244;2
2245;2
2246;1
2247;2
2248;2
2249;2
2250;0
2251;0
2252;2
2253;0
2254;0
2255;0
2256;1
2257;2
2258;1
2259;2
2260;1
2261;1
2262;1
2263;1
2264;1
2265;0
2266;0
2267;2
2268;1
2269;1
2270;1
2271;2
2272;0
2273;2
2274;0
2275;0
2276;1
2277;0
2278;1
2279;1
2280;0
2281;1
2282;0
2283;0
2284;2
2285;2
2286;0
2287;0
2288;2
2289;1
2290;0
2291;2
2292;2
2293;0
2294;0
2295;1
2296;2
2297;1
2298;0
2299;0
2300;1
2301;1
2302;1
2303;1
2304;0
2305;1
2306;2
2307;2
2308;2
2309;1
2310;2
2311;2
2312;1
2313;2
2314;0
2315;0
2316;0
2317;0
2318;1
2319;2
2320;1
2321;2
2322;1
2323;2
2324;2
2325;0
2326;0
2327;2
2328;0
2329;2
2330;1
2331;1
2332;0
2333;1
2334;0
2335;1
2336;2
2337;2
2338;2
2339;1
2340;1
2341;1
2342;1
2343;2
2344;2
2345;2
2346;1
2347;1
2348;1
2349;1
2350;2
2351;2
2352;2
2353;0
2354;0
2355;2
2356;1
2357;0
2358;1
2359;1
2360;0
2361;2
2362;2
2363;2
2364;0
2365;1
2366;1
2367;2
2368;1
2369;1
2370;0
2371;2
2372;0
2373;2
2374;1
2375;0
2376;1
2377;1
2378;0
2379;0
2380;1
2381;0
2382;1
2383;1
2384;0
2385;0
2386;2
2387;2
2388;2
2389;1
2390;1
2391;0
2392;2
2393;0
2394;2
2395;1
2396;2
2397;1
2398;1
2399;1
2400;0
2401;0
2402;0
2403;2
2404;0
2405;2
2406;0
2407;1
2408;2
2409;0
2410;2
2411;0
2412;0
2413;2
2414;0
2415;0
2416;0
2417;0
2418;2
2419;1
2420;2
2421;1
2422;0
2423;1
2424;2
2425;1
2426;1
2427;2
2428;1
2429;2
2430;0
2431;2
2432;2
2433;0
2434;1
2435;1
2436;1
2437;1
2438;1
2439;2
2440;2
2441;0
2442;1
2443;0
2444;2
2445;1
2446;2
2447;1
2448;1
2449;1
2450;2
2451;1
2452;2
2453;0
2454;2
2455;1
2456;2
2457;0
2458;2
2459;2
2460;2
2461;2
2462;0
2463;2
2464;0
2465;2
2466;1
2467;2
2468;1
2469;2
2470;1
2471;2
2472;2
2473;2
2474;1
2475;2
2476;2
2477;1
2478;2
2479;0
2480;0
2481;1
2482;2
2483;1
2484;1
2485;1
2486;1
2487;0
2488;2
2489;1
2490;2
2491;0
2492;0
2493;1
2494;0
2495;1
2496;0
2497;0
2498;0
2499;2
2500;2
2501;2
2502;0
2503;0
2504;0
2505;2
2506;1
2507;2
2508;2
2509;0
2510;0
2511;0
2512;1
2513;0
2514;0
2515;2
2516;1
2517;1
2518;0
2519;1
2520;1
2521;0
2522;0
2523;2
2524;1
2525;2
2526;0
2527;2
2528;2
2529;2
2530;2
2531;0
2532;2
2533;0
2534;0
2535;1
2536;0
2537;0
2538;1
2539;1
2540;0
2541;1
2542;0
2543;1
2544;1
2545;2
2546;0
2547;1
2548;1
2549;0
2550;2
2551;2
2552;1
2553;0
2554;2
2555;0
2556;1
2557;1
2558;2
2559;2
2560;0
2561;1
2562;0
2563;1
2564;1
2565;2
2566;2
2567;0
2568;2
2569;2
2570;1
2571;1
2572;0
2573;2
2574;1
2575;0
2576;0
2577;1
2578;0
2579;1
2580;2
2581;2
2582;2
2583;0
2584;2
2585;2
2586;0
2587;2
2588;0
2589;2
2590;0
2591;2
2592;0
2593;0
2594;1
2595;0
2596;2
2597;1
2598;1
2599;1
2600;1
2601;0
2602;2
2603;2
2604;1
2605;2
2606;1
2607;0
2608;2
2609;1
2610;1
2611;0
2612;2
2613;1
2614;1
2615;1
2616;1
2617;0
2618;1
2619;2
2620;0
2621;1
2622;2
2623;0
2624;1
2625;0
2626;0
2627;1
2628;2
2629;1
2630;1
2631;1
2632;0
2633;1
2634;1
2635;2
2636;1
2637;1
2638;0
2639;0
2640;2
2641;2
2642;1
2643;2
2644;0
2645;0
2646;0
2647;2
2648;1
2649;0
2650;2
2651;0
2652;1
2653;1
2654;1
2655;2
2656;2
2657;2
2658;2
2659;2
2660;1
2661;0
2662;2
2663;0
2664;1
2665;0
2666;0
2667;0
2668;1
2669;2
2670;1
2671;2
2672;1
2673;1
2674;2
2675;2
2676;0
2677;2
2678;0
2679;1
2680;0
2681;0
2682;2
2683;0
2684;1
2685;1
2686;0
2687;0
2688;2
2689;1
2690;2
2691;2
2692;0
2693;2
2694;2
2695;1
2696;2
2697;2
2698;2
2699;2
2700;2
2701;1
2702;0
2703;1
2704;0
2705;0
2706;2
2707;2
2708;1
2709;1
2710;2
2711;1
2712;2
2713;1
2714;0
2715;0
2716;2
2717;0
2718;0
2719;2
2720;1
2721;2
2722;1
2723;0
2724;2
2725;1
2726;1
2727;2
2728;0
2729;1
2730;2
2731;1
2732;0
2733;0
2734;0
2735;2
2736;2
2737;0
2738;1
2739;1
2740;2
2741;0
2742;1
2743;2
2744;2
2745;2
2746;2
2747;1
2748;0
2749;1
2750;0
2751;2
2752;2
2753;2
2754;2
2755;1
2756;1
2757;2
2758;1
2759;1
2760;0
2761;1
2762;1
2763;2
2764;2
2765;0
2766;0
2767;2
2768;2
2769;0
2770;0
2771;2
2772;2
2773;2
2774;1
2775;2
2776;1
2777;1
2778;2
2779;0
2780;1
2781;1
2782;0
2783;0
2784;0
2785;1
2786;0
2787;0
2788;2
2789;0
2790;1
2791;2
2792;2
2793;0
2794;1
2795;1
2796;0
2797;2
2798;0
2799;1
2800;0
2801;1
2802;2
2803;2
2804;1
2805;2
2806;2
2807;1
2808;2
2809;0
2810;0
2811;0
2812;0
2813;1
2814;2
2815;0
2816;2
2817;2
2818;1
2819;2
2820;2
2821;2
2822;2
2823;1
2824;2
2825;0
2826;2
2827;2
2828;2
2829;2
2830;2
2831;2
2832;2
2833;0
2834;1
2835;1
2836;0
2837;0
2838;2
2839;1
2840;1
2841;1
2842;0
2843;1
2844;0
2845;2
2846;0
2847;1
2848;0
2849;2
2850;2
2851;1
2852;0
2853;1
2854;2
2855;1
2856;2
2857;2
2858;0
2859;1
2860;0
2861;1
2862;1
2863;1
2864;1
2865;1
2866;0
2867;2
2868;1
2869;0
2870;0
2871;0
2872;2
2873;0
2874;2
2875;1
2876;0
2877;0
2878;0
2879;2
2880;1
2881;2
2882;1
2883;0
2884;2
2885;0
2886;0
2887;2
2888;2
2889;1
2890;1
2891;2
2892;0
2893;1
2894;2
2895;1
2896;0
2897;0
2898;2
2899;1
2900;0
2901;0
2902;1
2903;1
2904;1
2905;0
2906;0
2907;1
2908;1
2909;2
2910;1
2911;1
2912;0
2913;1
2914;2
2915;0
2916;2
2917;2
2918;1
2919;1
2920;1
2921;2
2922;1
2923;1
2924;1
2925;2
2926;1
2927;2
2928;0
2929;1
2930;2
2931;2
2932;1
2933;1
2934;2
2935;2
2936;0
2937;1
2938;2
2939;2
2940;2
2941;0
2942;0
2943;2
2944;1
2945;1
2946;0
2947;1
2948;1
2949;0
2950;0
2951;2
2952;0
2953;0
2954;0
2955;2
2956;2
2957;0
2958;1
2959;0
2960;1
2961;0
2962;0
2963;2
2964;0
2965;2
2966;2
2967;1
2968;1
2969;2
2970;2
2971;0
2972;1
2973;0
2974;1
2975;1
2976;0
2977;0
2978;1
2979;0
2980;2
2981;2
2982;2
2983;2
2984;2
2985;2
2986;1
2987;0
2988;1
2989;1
2990;0
2991;2
2992;2
2993;0
2994;1
2995;2
2996;0
2997;2
2998;2
2999;1
3000;0
3001;0
3002;1
3003;1
3004;2
3005;0
3006;1
3007;0
3008;0
3009;0
3010;2
3011;1
3012;2
3013;2
3014;1
3015;0
3016;1
3017;1
3018;1
3019;2
3020;1
3021;0
3022;0
3023;2
3024;1
3025;0
3026;0
3027;0
3028;1
3029;0
3030;0
3031;0
3032;2
3033;1
3034;2
3035;0
3036;0
3037;1
3038;2
3039;1
3040;1
3041;1
3042;0
3043;0
3044;2
3045;2
3046;2
3047;0
3048;0
3049;2
3050;2
3051;0
3052;0
3053;0
3054;2
3055;1
3056;0
3057;1
3058;0
3059;2
3060;0
3061;1
3062;2
3063;0
3064;2
3065;0
3066;0
3067;0
3068;1
3069;0
3070;2
3071;2
3072;1
3073;0
3074;2
3075;0
3076;0
3077;1
3078;1
3079;2
3080;1
3081;0
3082;1
3083;0
3084;0
3085;1
3086;1
3087;0
3088;0
3089;1
3090;0
3091;0
3092;1
3093;0
3094;1
3095;1
3096;2
3097;2
3098;0
3099;0
3100;0
3101;2
3102;1
3103;0
3104;1
3105;1
3106;1
3107;1
3108;1
3109;1
3110;2
3111;0
3112;1
3113;0
3114;2
3115;0
3116;0
3117;1
3118;2
3119;2
3120;2
3121;0
3122;1
3123;1
3124;0
3125;1
3126;2
3127;0
3128;2
3129;2
3130;0
3131;2
3132;1
3133;0
3134;0
3135;2
3136;2
3137;2
3138;2
3139;0
3140;1
3141;0
3142;0
3143;1
3144;1
3145;2
3146;1
3147;0
3148;2
3149;0
3150;0
3151;2
3152;1
3153;0
3154;2
3155;2
3156;2
3157;2
3158;2
3159;1
3160;0
3161;1
3162;1
3163;0
3164;2
3165;1
3166;0
3167;1
3168;0
3169;0
3170;2
3171;2
3172;1
3173;0
3174;0
3175;1
3176;1
3177;0
3178;2
3179;1
3180;0
3181;1
3182;2
3183;1
3184;1
3185;0
3186;2
3187;2
3188;0
3189;0
3190;2
3191;0
3192;2
3193;1
3194;1
3195;0
3196;1
3197;2
3198;2
3199;0
3200;0
3201;1
3202;1
3203;2
3204;2
3205;0
3206;1
3207;2
3208;1
3209;2
3210;0
3211;1
3212;2
3213;0
3214;0
3215;2
3216;2
3217;1
3218;0
3219;0
3220;2
3221;0
3222;0
3223;2
3224;0
3225;2
3226;2
3227;0
3228;0
3229;2
3230;0
3231;0
3232;0
3233;2
3234;1
3235;0
3236;1
3237;0
3238;0
3239;0
3240;1
3241;2
3242;1
3243;1
3244;0
3245;2
3246;0
3247;0
3248;0
3249;2
3250;2
3251;0
3252;1
3253;1
3254;2
3255;1
3256;1
3257;2
3258;0
3259;2
3260;1
3261;0
3262;0
3263;0
3264;0
3265;2
3266;0
3267;0
3268;2
3269;2
3270;1
3271;2
3272;0
3273;1
3274;1
3275;1
3276;2
3277;1
3278;0
3279;2
3280;0
3281;2
3282;0
3283;1
3284;1
3285;1
3286;0
3287;2
3288;2
3289;2
3290;2
3291;2
3292;0
3293;1
3294;1
3295;2
3296;0
3297;0
3298;1
3299;0
3300;2
3301;2
3302;1
3303;0
3304;2
3305;1
3306;2
3307;2
3308;2
3309;1
3310;0
3311;0
3312;1
3313;0
3314;2
3315;0
3316;0
3317;2
3318;1
3319;2
3320;0
3321;2
3322;1
3323;0
3324;1
3325;0
3326;0
3327;0
3328;2
3329;1
3330;0
3331;2
3332;0
3333;2
3334;2
3335;1
3336;0
3337;2
3338;1
3339;0
3340;1
3341;2
3342;0
3343;1
3344;1
3345;0
3346;2
3347;0
3348;0
3349;0
3350;0
3351;2
3352;2
3353;1
3354;2
3355;2
3356;1
3357;2
3358;0
3359;2
3360;0
3361;0
3362;2
3363;2
3364;1
3365;1
3366;1
3367;0
3368;2
3369;1
3370;2
3371;2
3372;1
3373;2
3374;2
3375;2
3376;2
3377;2
3378;0
3379;2
3380;2
3381;2
3382;1
3383;0
3384;0
3385;1
3386;0
3387;2
3388;1
3389;0
3390;1
3391;2
3392;1
3393;0
3394;1
3395;2
3396;2
3397;1
3398;0
3399;1
3400;2
3401;0
3402;0
3403;2
3404;0
3405;1
3406;1
3407;1
3408;2
3409;0
3410;0
3411;1
3412;1
3413;1
3414;1
3415;0
3416;0
3417;0
3418;1
3419;1
3420;1
3421;2
3422;0
3423;0
3424;0
3425;2
3426;0
3427;2
3428;1
3429;1
3430;2
3431;2
3432;2
3433;0
3434;1
3435;1
3436;0
3437;0
3438;0
3439;0
3440;1
3441;2
3442;1
3443;2
3444;2
3445;2
3446;0
3447;0
3448;2
3449;2
3450;0
3451;0
3452;2
3453;2
3454;1
3455;1
3456;0
3457;1
3458;1
3459;0
3460;2
3461;1
3462;1
3463;2
3464;0
3465;0
3466;0
3467;0
3468;1
3469;0
3470;0
3471;0
3472;1
3473;1
3474;0
3475;0
3476;1
3477;2
3478;1
3479;2
3480;0
3481;0
3482;1
3483;0
3484;1
3485;0
3486;0
3487;1
3488;0
3489;0
3490;2
3491;1
3492;0
3493;1
3494;0
3495;1
3496;0
3497;1
3498;2
3499;1
3500;1
3501;2
3502;0
3503;0
3504;2
3505;2
3506;1
3507;1
3508;1
3509;2
3510;2
3511;1
3512;0
3513;2
3514;0
3515;1
3516;2
3517;1
3518;1
3519;1
3520;1
3521;0
3522;1
3523;2
3524;1
3525;0
3526;2
3527;0
3528;1
3529;2
3530;0
3531;1
3532;2
3533;0
3534;2
3535;1
3536;2
3537;1
3538;2
3539;1
3540;2
3541;1
3542;0
3543;2
3544;2
3545;1
3546;0
3547;2
3548;2
3549;0
3550;0
3551;1
3552;0
3553;2
3554;1
3555;0
3556;2
3557;2
3558;2
3559;2
3560;2
3561;1
3562;0
3563;2
3564;0
3565;1
3566;0
3567;0
3568;1
3569;0
3570;2
3571;1
3572;1
3573;0
3574;2
3575;1
3576;1
3577;0
3578;0
3579;2
3580;2
3581;1
3582;0
3583;2
3584;0
3585;1
3586;0
3587;2
3588;2
3589;2
3590;2
3591;2
3592;2
3593;0
3594;1
3595;2
3596;0
3597;2
3598;0
3599;1
3600;2
3601;0
3602;0
3603;0
3604;0
3605;1
3606;0
3607;1
3608;1
3609;2
3610;0
3611;0
3612;1
3613;0
3614;2
3615;1
3616;0
3617;2
3618;2
3619;2
3620;2
3621;1
3622;1
3623;0
3624;0
3625;1
3626;1
3627;0
3628;2
3629;2
3630;1
3631;0
3632;0
3633;2
3634;0
3635;1
3636;0
3637;0
3638;1
3639;0
3640;1
3641;2
3642;2
3643;1
3644;0
3645;1
3646;1
3647;1
3648;1
3649;0
3650;1
3651;1
3652;2
3653;2
3654;1
3655;1
3656;2
3657;2
3658;0
3659;0
3660;0
3661;1
3662;2
3663;1
3664;1
3665;0
3666;1
3667;0
3668;0
3669;1
3670;2
3671;0
3672;0
3673;0
3674;2
3675;2
3676;0
3677;0
3678;2
3679;2
3680;2
3681;2
3682;1
3683;2
3684;0
3685;1
3686;1
3687;2
3688;0
3689;1
3690;0
3691;1
3692;0
3693;1
3694;2
3695;2
3696;0
3697;2
3698;0
3699;1
3700;2
3701;0
3702;0
3703;2
3704;1
3705;2
3706;1
3707;2
3708;0
3709;0
3710;0
3711;1
3712;1
3713;2
3714;1
3715;1
3716;0
3717;0
3718;0
3719;1
3720;1
3721;2
3722;2
3723;2
3724;1
3725;2
3726;1
3727;2
3728;0
3729;2
3730;1
3731;0
3732;1
3733;0
3734;2
3735;1
3736;0
3737;1
3738;2
3739;0
3740;2
3741;1
3742;1
3743;1
3744;0
3745;0
3746;2
3747;1
3748;0
3749;2
3750;1
3751;2
3752;1
3753;2
3754;2
3755;2
3756;2
3757;1
3758;1
3759;0
3760;0
3761;0
3762;1
3763;0
3764;1
3765;2
3766;1
3767;1
3768;0
3769;2
3770;2
3771;1
3772;0
3773;2
3774;2
3775;0
3776;0
3777;1
3778;1
3779;0
3780;2
3781;2
3782;0
3783;1
3784;0
3785;0
3786;1
3787;2
3788;2
3789;0
3790;1
3791;2
3792;2
3793;2
3794;2
3795;2
3796;0
3797;1
3798;1
3799;2
3800;2
3801;1
3802;1
3803;2
3804;2
3805;1
3806;1
3807;2
3808;1
3809;1
3810;2
3811;0
3812;1
3813;0
3814;0
3815;1
3816;2
3817;1
3818;1
3819;0
3820;2
3821;1
3822;1
3823;1
3824;1
3825;0
3826;2
3827;1
3828;2
3829;1
3830;0
3831;0
3832;2
3833;2
3834;1
3835;0
3836;1
3837;0
3838;0
3839;2
3840;2
3841;0
3842;2
3843;2
3844;1
3845;2
3846;2
3847;0
3848;1
3849;2
3850;1
3851;2
3852;2
3853;1
3854;1
3855;0
3856;1
3857;1
3858;0
3859;1
3860;2
3861;2
3862;2
3863;2
3864;0
3865;2
3866;1
3867;1
3868;0
3869;0
3870;0
3871;2
3872;1
3873;1
3874;0
3875;2
3876;0
3877;0
3878;1
3879;1
3880;0
3881;1
3882;2
3883;0
3884;1
3885;2
3886;2
3887;2
3888;2
3889;2
3890;1
3891;2
3892;2
3893;0
3894;2
3895;2
3896;1
3897;1
3898;0
3899;0
3900;0
3901;2
3902;1
3903;1
3904;0
3905;0
3906;1
3907;0
3908;0
3909;0
3910;1
3911;0
3912;0
3913;1
3914;1
3915;2
3916;1
3917;2
3918;2
3919;0
3920;0
3921;1
3922;2
3923;0
3924;0
3925;0
3926;1
3927;2
3928;2
3929;1
3930;0
3931;2
3932;0
3933;1
3934;2
3935;1
3936;2
3937;1
3938;2
3939;2
3940;0
3941;1
3942;2
3943;0
3944;0
3945;1
3946;0
3947;2
3948;0
3949;2
3950;2
3951;0
3952;1
3953;2
3954;0
3955;2
3956;1
3957;0
3958;0
3959;1
3960;0
3961;0
3962;2
3963;2
3964;0
3965;0
3966;0
3967;1
3968;1
3969;2
3970;0
3971;2
3972;0
3973;0
3974;0
3975;2
3976;0
3977;0
3978;2
3979;1
3980;1
3981;1
3982;2
3983;2
3984;2
3985;1
3986;2
3987;1
3988;2
3989;1
3990;0
3991;0
3992;1
3993;2
3994;2
3995;2
3996;0
3997;1
3998;2
3999;2
4000;0
4001;2
4002;2
4003;1
4004;1
4005;1
4006;0
4007;2
4008;2
4009;1
4010;1
4011;2
4012;1
4013;2
4014;1
4015;0
4016;0
4017;2
4018;2
4019;0
4020;1
4021;0
4022;2
4023;2
4024;0
4025;1
4026;1
4027;0
4028;1
4029;0
4030;2
4031;1
4032;1
4033;1
4034;0
4035;2
4036;1
4037;2
4038;2
4039;0
4040;0
4041;2
4042;0
4043;0
4044;1
4045;2
4046;2
4047;1
4048;0
4049;2
4050;1
4051;0
4052;2
4053;1
4054;1
4055;2
4056;1
4057;0
4058;1
4059;1
4060;2
4061;0
4062;0
4063;2
4064;2
4065;1
4066;0
4067;1
4068;2
4069;0
4070;0
4071;2
4072;1
4073;2
4074;2
4075;1
4076;2
4077;1
4078;2
4079;0
4080;1
4081;0
4082;1
4083;2
4084;1
4085;0
4086;0
4087;1
4088;2
4089;0
4090;1
4091;1
4092;1
4093;0
4094;0
4095;2
4096;1
4097;0
4098;0
4099;2
4100;1
4101;0
4102;1
4103;2
4104;0
4105;1
4106;0
4107;1
4108;0
4109;0
4110;0
4111;1
4112;2
4113;0
4114;0
4115;0
4116;0
4117;2
4118;0
4119;1
4120;0
4121;2
4122;2
4123;2
4124;2
4125;1
4126;0
4127;0
4128;0
4129;1
4130;0
4131;0
4132;0
4133;0
4134;2
4135;2
4136;1
4137;0
4138;1
4139;1
4140;2
4141;1
4142;1
4143;1
4144;1
4145;0
4146;0
4147;2
4148;2
4149;1
4150;2
4151;1
4152;0
4153;1
4154;2
4155;1
4156;1
4157;1
4158;0
4159;1
4160;2
4161;1
4162;2
4163;0
4164;1
4165;1
4166;2
4167;0
4168;1
4169;1
4170;0
4171;0
4172;1
4173;2
4174;0
4175;1
4176;2
4177;1
4178;1
4179;0
4180;0
4181;0
4182;0
4183;1
4184;0
4185;2
4186;2
4187;2
4188;1
4189;2
4190;0
4191;2
4192;0
4193;2
4194;1
4195;1
4196;2
4197;1
4198;0
4199;1
4200;1
4201;1
4202;2
4203;1
4204;1
4205;0
4206;0
4207;1
4208;2
4209;0
4210;1
4211;2
4212;0
4213;1
4214;0
4215;2
4216;2
4217;2
4218;0
4219;1
4220;0
4221;2
4222;2
4223;2
4224;0
4225;1
4226;0
4227;0
4228;0
4229;1
4230;2
4231;1
4232;2
4233;1
4234;0
4235;2
4236;0
4237;2
4238;1
4239;2
4240;2
4241;0
4242;0
4243;1
4244;0
4245;2
4246;2
4247;0
4248;2
4249;1
4250;1
4251;2
4252;0
4253;2
4254;2
4255;2
4256;2
4257;2
4258;1
4259;1
4260;1
4261;1
4262;0
4263;1
4264;1
4265;0
4266;1
4267;0
4268;1
4269;2
4270;2
4271;1
4272;2
4273;0
4274;0
4275;0
4276;0
4277;1
4278;0
4279;2
4280;2
4281;0
4282;0
4283;2
4284;0
4285;0
4286;1
4287;2
4288;0
4289;1
4290;0
4291;2
4292;0
4293;0
4294;2
4295;2
4296;1
4297;1
4298;0
4299;1
4300;0
4301;0
4302;2
4303;0
4304;0
4305;0
4306;2
4307;1
4308;1
4309;1
4310;0
4311;2
4312;0
4313;1
4314;0
4315;1
4316;2
4317;2
4318;2
4319;1
4320;1
4321;2
4322;2
4323;2
4324;1
4325;0
4326;2
4327;1
4328;2
4329;2
4330;0
4331;2
4332;1
4333;0
4334;2
4335;2
4336;2
4337;0
4338;2
4339;0
4340;2
4341;0
4342;2
4343;2
4344;2
4345;0
4346;1
4347;1
4348;1
4349;2
4350;2
4351;1
4352;0
4353;1
4354;2
4355;1
4356;0
4357;1
4358;2
4359;0
4360;2
4361;2
4362;1
4363;1
4364;0
4365;2
4366;2
4367;2
4368;2
4369;2
4370;1
4371;1
4372;1
4373;0
4374;1
4375;0
4376;2
4377;0
4378;2
4379;2
4380;2
4381;2
4382;2
4383;1
4384;2
4385;0
4386;1
4387;1
4388;2
4389;2
4390;1
4391;1
4392;1
4393;0
4394;0
4395;1
4396;0
4397;2
4398;0
4399;0
4400;0
4401;2
4402;0
4403;0
4404;1
4405;1
4406;1
4407;0
4408;0
4409;1
4410;1
4411;2
4412;1
4413;2
4414;0
4415;1
4416;0
4417;1
4418;0
4419;0
4420;2
4421;0
4422;2
4423;1
4424;0
4425;0
4426;1
4427;2
4428;2
4429;2
4430;1
4431;0
4432;1
4433;0
4434;0
4435;1
4436;2
4437;1
4438;2
4439;2
4440;2
4441;0
4442;2
4443;0
4444;1
4445;2
4446;0
4447;0
4448;2
4449;0
4450;2
4451;2
4452;2
4453;1
4454;0
4455;2
4456;2
4457;2
4458;1
4459;0
4460;1
4461;2
4462;2
4463;0
4464;1
4465;0
4466;2
4467;2
4468;0
4469;1
4470;0
4471;1
4472;2
4473;2
4474;2
4475;2
4476;2
4477;1
4478;0
4479;0
4480;0
4481;2
4482;0
4483;1
4484;1
4485;0
4486;0
4487;0
4488;2
4489;1
4490;0
4491;1
4492;0
4493;1
4494;0
4495;1
4496;0
4497;1
4498;1
4499;2
4500;1
4501;1
4502;2
4503;0
4504;2
4505;1
4506;1
4507;2
4508;2
4509;1
4510;2
4511;1
4512;0
4513;1
4514;1
4515;1
4516;0
4517;0
4518;0
4519;0
4520;1
4521;0
4522;1
4523;0
4524;1
4525;1
4526;2
4527;0
4528;1
4529;1
4530;1
4531;0
4532;1
4533;0
4534;0
4535;0
4536;0
4537;2
4538;2
4539;2
4540;1
4541;0
4542;2
4543;1
4544;2
4545;0
4546;1
4547;1
4548;0
4549;2
4550;1
4551;0
4552;2
4553;0
4554;0
4555;0
4556;0
4557;0
4558;0
4559;0
4560;1
4561;2
4562;0
4563;0
4564;0
4565;1
4566;0
4567;1
4568;1
4569;2
4570;2
4571;2
4572;0
4573;0
4574;0
4575;2
4576;1
4577;2
4578;0
4579;1
4580;1
4581;1
4582;0
4583;0
4584;0
4585;2
4586;2
4587;1
4588;0
4589;1
4590;0
4591;2
4592;0
4593;2
4594;0
4595;1
4596;2
4597;2
4598;1
4599;2
4600;1
4601;1
4602;0
4603;0
4604;2
4605;2
4606;1
4607;2
4608;2
4609;0
4610;2
4611;0
4612;0
4613;1
4614;0
4615;0
4616;1
4617;0
4618;2
4619;0
4620;2
4621;2
4622;1
4623;2
4624;0
4625;0
4626;1
4627;0
4628;2
4629;2
4630;0
4631;2
4632;2
4633;0
4634;0
4635;1
4636;0
4637;1
4638;2
4639;1
4640;2
4641;1
4642;2
4643;0
4644;2
4645;2
4646;0
4647;2
4648;1
4649;2
4650;0
4651;2
4652;2
4653;2
4654;1
4655;1
4656;0
4657;0
4658;1
4659;0
4660;0
4661;1
4662;2
4663;1
4664;0
4665;2
4666;1
4667;0
4668;1
4669;0
4670;1
4671;2
4672;1
4673;2
4674;2
4675;1
4676;1
4677;2
4678;1
4679;1
4680;1
4681;0
4682;0
4683;1
4684;2
4685;2
4686;2
4687;0
4688;2
4689;2
4690;2
4691;2
4692;0
4693;0
4694;1
4695;1
4696;2
4697;1
4698;1
4699;0
4700;0
4701;0
4702;0
4703;0
4704;1
4705;1
4706;1
4707;1
4708;1
4709;2
4710;1
4711;2
4712;0
4713;0
4714;0
4715;0
4716;2
4717;1
4718;1
4719;2
4720;2
4721;2
4722;1
4723;1
4724;1
4725;1
4726;0
4727;0
4728;0
4729;1
4730;1
4731;0
4732;1
4733;0
4734;0
4735;1
4736;2
4737;2
4738;2
4739;0
4740;1
4741;0
4742;2
4743;1
4744;1
4745;1
4746;2
4747;2
4748;0
4749;2
4750;2
4751;2
4752;1
4753;0
4754;0
4755;0
4756;2
4757;1
4758;1
4759;0
4760;2
4761;2
4762;2
4763;1
4764;0
4765;2
4766;1
4767;1
4768;1
4769;2
4770;0
4771;2
4772;2
4773;1
4774;1
4775;0
4776;2
4777;1
4778;2
4779;0
4780;0
4781;1
4782;1
4783;2
4784;1
4785;2
4786;1
4787;2
4788;1
4789;0
4790;0
4791;2
4792;1
4793;2
4794;0
4795;2
4796;0
4797;2
4798;2
4799;2
4800;2
4801;2
4802;2
4803;1
4804;0
4805;2
4806;1
4807;1
4808;1
4809;0
4810;0
4811;2
4812;0
4813;1
4814;0
4815;2
4816;2
4817;1
4818;2
4819;2
4820;0
4821;1
4822;1
4823;0
4824;1
4825;0
4826;0
4827;2
4828;1
4829;1
4830;1
4831;0
4832;0
4833;2
4834;2
4835;1
4836;0
4837;0
4838;2
4839;2
4840;2
4841;0
4842;1
4843;0
4844;1
4845;0
4846;1
4847;0
4848;2
4849;2
4850;2
4851;1
4852;0
4853;0
4854;0
4855;1
4856;2
4857;2
4858;1
4859;0
4860;0
4861;1
4862;1
4863;1
4864;0
4865;0
4866;1
4867;1
4868;0
4869;0
4870;2
4871;1
4872;1
4873;2
4874;2
4875;0
4876;0
4877;1
4878;2
4879;1
4880;2
4881;2
4882;1
4883;0
4884;2
4885;2
4886;2
4887;1
4888;0
4889;2
4890;0
4891;1
4892;0
4893;1
4894;2
4895;1
4896;2
4897;0
4898;2
4899;1
4900;0
4901;0
4902;1
4903;0
4904;0
4905;0
4906;0
4907;2
4908;1
4909;1
4910;0
4911;2
4912;1
4913;2
4914;1
4915;0
4916;0
4917;1
4918;0
4919;1
4920;0
4921;0
4922;2
4923;1
4924;1
4925;0
4926;2
4927;1
4928;0
4929;2
4930;2
4931;1
4932;0
4933;2
4934;2
4935;1
4936;2
4937;1
4938;1
4939;0
4940;1
4941;1
4942;0
4943;1
4944;1
4945;2
4946;1
4947;1
4948;0
4949;1
4950;1
4951;0
4952;1
4953;2
4954;1
4955;0
4956;0
4957;0
4958;0
4959;1
4960;1
4961;1
4962;1
4963;0
4964;2
4965;0
4966;2
4967;0
4968;0
4969;1
4970;0
4971;0
4972;1
4973;2
4974;1
4975;2
4976;0
4977;1
4978;2
4979;0
4980;0
4981;0
4982;2
4983;0
4984;1
4985;0
4986;1
4987;2
4988;1
4989;1
4990;0
4991;1
4992;2
4993;2
4994;0
4995;2
4996;1
4997;2
4998;2
4999;0
5000;2
5001;1
5002;0
5003;0
5004;2
5005;0
5006;1
5007;2
5008;0
5009;1
5010;1
5011;1
5012;0
5013;2
5014;0
5015;1
5016;0
5017;0
5018;0
5019;2
5020;1
5021;0
5022;2
5023;1
5024;0
5025;0
5026;2
5027;0
5028;1
5029;2
5030;1
5031;0
5032;1
5033;2
5034;0
5035;1
5036;1
5037;2
5038;1
5039;0
5040;2
5041;1
5042;0
5043;0
5044;0
5045;1
5046;2
5047;2
5048;2
5049;2
5050;0
5051;2
5052;1
5053;2
5054;2
5055;0
5056;1
5057;1
5058;1
5059;1
5060;0
5061;1
5062;0
5063;1
5064;1
5065;0
5066;0
5067;1
5068;1
5069;2
5070;0
5071;1
5072;0
5073;1
5074;0
5075;2
5076;0
5077;1
5078;2
5079;0
5080;2
5081;2
5082;1
5083;2
5084;1
5085;1
5086;1
5087;1
5088;1
5089;1
5090;0
5091;1
5092;0
5093;1
5094;0
5095;2
5096;2
5097;1
5098;0
5099;0
5100;1
5101;2
5102;2
5103;0
5104;1
5105;2
5106;1
5107;2
5108;1
5109;2
5110;0
5111;1
5112;2
5113;0
5114;1
5115;2
5116;1
5117;1
5118;0
5119;1
5120;0
5121;0
5122;1
5123;0
5124;2
5125;1
5126;2
5127;0
5128;1
5129;1
5130;0
5131;0
5132;1
5133;2
5134;2
5135;1
5136;0
5137;2
5138;2
5139;2
5140;0
5141;2
5142;0
5143;2
5144;1
5145;1
5146;1
5147;1
5148;1
5149;1
5150;2
5151;2
5152;1
5153;0
5154;1
5155;1
5156;0
5157;2
5158;1
5159;0
5160;1
5161;0
5162;2
5163;2
5164;2
5165;2
5166;2
5167;1
5168;1
5169;1
5170;0
5171;1
5172;1
5173;1
5174;2
5175;2
5176;1
5177;1
5178;1
5179;0
5180;2
5181;2
5182;1
5183;0
5184;2
5185;1
5186;1
5187;2
5188;1
5189;2
5190;1
5191;0
5192;0
5193;0
5194;0
5195;1
5196;2
5197;2
5198;1
5199;2
5200;1
5201;1
5202;2
5203;1
5204;1
5205;1
5206;1
5207;1
5208;2
5209;1
5210;2
5211;0
5212;0
5213;0
5214;0
5215;2
5216;1
5217;2
5218;0
5219;1
5220;1
5221;1
5222;1
5223;2
5224;0
5225;2
5226;0
5227;0
5228;2
5229;2
5230;1
5231;2
5232;2
5233;1
5234;1
5235;2
5236;2
5237;1
5238;2
5239;1
5240;2
5241;0
5242;0
5243;1
5244;1
5245;2
5246;2
5247;0
5248;1
5249;2
5250;0
5251;2
5252;0
5253;2
5254;1
5255;1
5256;0
5257;2
5258;2
5259;2
5260;0
5261;1
5262;0
5263;1
5264;1
5265;0
